{
  "submeshes": [
    {
      "instances": [
        [
          [
            -1.0,
            0.0,
            0.0,
            0.0
          ],
          [
            0.0,
            1.0,
            0.0,
            0.0
          ],
          [
            0.0,
            0.0,
            -1.0,
            0.0
          ],
          [
            3.8231542,
            13.01603,
            0.0,
            1.0
          ]
        ]
      ],
      "index_byte_offset": 0,
      "index_byte_length": 10464,
      "vertex_byte_offset": 0,
      "vertex_byte_length": 74080,
      "base_vertex": 0,
      "material": 0
    },
    {
      "instances": [
        [
          [
            -1.0,
            0.0,
            0.0,
            0.0
          ],
          [
            0.0,
            1.0,
            0.0,
            0.0
          ],
          [
            0.0,
            0.0,
            -1.0,
            0.0
          ],
          [
            9.582001,
            21.037872,
            0.0,
            1.0
          ]
        ]
      ],
      "index_byte_offset": 10464,
      "index_byte_length": 14976,
      "vertex_byte_offset": 74080,
      "vertex_byte_length": 60480,
      "base_vertex": 926,
      "material": 0
    },
    {
      "instances": [
        [
          [
            -1.0,
            0.0,
            0.0,
            0.0
          ],
          [
            0.0,
            1.0,
            0.0,
            0.0
          ],
          [
            0.0,
            0.0,
            -1.0,
            0.0
          ],
          [
            9.582007,
            18.009151,
            0.0,
            1.0
          ]
        ]
      ],
      "index_byte_offset": 25440,
      "index_byte_length": 39288,
      "vertex_byte_offset": 134560,
      "vertex_byte_length": 197040,
      "base_vertex": 1682,
      "material": 0
    }
  ],
  "material_paths": [
    "assets/local/Lantern/LanternPost_Mat.material.json"
  ],
  "buffer": "assets/local/Lantern/Lantern.bin",
  "deformation": "None",
  "vertex_buffer_start_offset": 64728,
  "aabb": {
    "min": [
      -7.7455993,
      -12.832109,
      -2.3157098
    ],
    "max": [
      7.7455993,
      12.832109,
      2.3157098
    ]
  }
}